Optimiser,Loss_Function,Avg_Train_Loss,Std_Dev_Train_Loss,Avg_Test_Accuracy,Std_Dev_Test_Accuracy,Avg_F1_Score,Std_Dev_F1_Score,Avg_Time_s,Std_Dev_Time_s
Batch Gradient Descent,Binary Cross Entropy,1.9328528596205037,0.6042182830866498,0.8087719298245615,0.06237329415660061,0.8338632446810174,0.06532776510077178,0.03531382083892822,0.002861971710666258
Stochastic Gradient Descent,Binary Cross Entropy,0.035797962998341135,0.004287979516186218,0.9596491228070174,0.020079865161858935,0.9672008983699711,0.016538485719137276,15.262876605987548,2.44019374161901
Mini Batch Gradient Descent,Binary Cross Entropy,0.23744015433018534,0.0955034222059213,0.968421052631579,0.011233551293741846,0.9745856593670809,0.009225766986394454,0.6168352842330933,0.008265583991590447
Cellular Automata Optimiser,Binary Cross Entropy,0.01673086468846067,0.0003587841027889585,0.9394736842105263,0.004723828778188139,0.9496555715272462,0.004124633568445731,37.25991542339325,8.951868036370959
