Optimiser,Loss_Function,Avg_Train_Loss,Std_Dev_Train_Loss,Avg_Test_Accuracy,Std_Dev_Test_Accuracy,Avg_F1_Score,Std_Dev_F1_Score,Avg_Time_s,Std_Dev_Time_s
Batch Gradient Descent,Hinge Loss,29945.04944024245,8515.616980035078,0.9342105263157896,0.021216467758680378,0.9472544983351037,0.01693223387481487,0.019301867485046385,0.0007750647968476927
Stochastic Gradient Descent,Hinge Loss,65.91090140050058,30.68722546192494,0.9263157894736844,0.021198326269464156,0.9406600250832847,0.017126033042830006,10.497411322593688,2.895050439135927
Mini Batch Gradient Descent,Hinge Loss,1807.2167301976976,479.82219923960497,0.9228070175438596,0.017455919949238945,0.9374821186815598,0.01526960374528796,0.4851349115371704,0.007863548148798027
Cellular Automata Optimiser,Hinge Loss,1596.4654941252054,350.4869145895761,0.9508771929824562,0.016269506132448607,0.9600586857026643,0.013409501727863931,16.552035880088805,4.549522532621257
