Optimiser,Loss_Function,Avg_Train_Loss,Std_Dev_Train_Loss,Avg_Test_MSE,Std_Dev_Test_MSE,Avg_Test_MAE,Std_Dev_Test_MAE,Avg_R2_Score,Std_Dev_R2_Score,Avg_Time_s,Std_Dev_Time_s
Batch Gradient Descent,Epsilon Intensive Loss,19387.289604098005,1830.7578001142442,2.7576361553031257,0.29686509750292644,1.4494203713822595,0.11314897961906747,-1.1044087770254691,0.22654385190602078,0.11162750720977783,0.0026383335781389925
Stochastic Gradient Descent,Epsilon Intensive Loss,0.4191411194632937,2.9870204081645667e-05,0.580628425361725,0.0015346913637072869,0.5119796027034136,8.72498569961185e-05,0.556910525642793,0.001171154493895058,504.22016804218293,133.92353642224157
Mini Batch Gradient Descent,Epsilon Intensive Loss,13.411934247782625,0.0011649253527932387,0.5804812142137921,0.0026241247103419196,0.5119760523795649,0.00013596646013929896,0.5570228654927003,0.0020025234517734945,12.027379202842713,5.577093073099092
Cellular Automata Optimiser,Epsilon Intensive Loss,6920.552212387682,2.6188207932981507,0.579311679809676,0.003480312783514099,0.5119516682301378,0.000412017002493104,0.5579153612123847,0.002655898151877808,30.647088885307312,7.946868301617303
