Optimiser,Loss_Function,Avg_Train_Loss,Std_Dev_Train_Loss,Avg_Test_Accuracy,Std_Dev_Test_Accuracy,Avg_F1_Score,Std_Dev_F1_Score,Avg_Time_s,Std_Dev_Time_s
Batch Gradient Descent,Binary Cross Entropy,0.558787295083339,0.22352131784227752,0.8912280701754387,0.014782718900309414,0.911060202174107,0.014346176989565782,0.028193092346191405,0.0015970612776431453
Stochastic Gradient Descent,Binary Cross Entropy,0.03282659391149679,0.001643052609310723,0.9701754385964912,0.008039606482378659,0.9757744261374152,0.006672915218225574,9.127864456176757,2.0846545902125895
Mini Batch Gradient Descent,Binary Cross Entropy,0.10226504263867797,0.031506651518574465,0.9657894736842106,0.010707504926082183,0.97264549451412,0.008587476482361623,0.3408148527145386,0.021563388363454457
Cellular Automata Optimiser,Binary Cross Entropy,0.6148745645416318,0.11978370117916608,0.9789473684210526,0.005818639983079616,0.983176565098382,0.004617674780213813,29.891122889518737,2.5241813178433214
