Optimiser,Loss_Function,Avg_Train_Loss,Std_Dev_Train_Loss,Avg_Test_MSE,Std_Dev_Test_MSE,Avg_Test_MAE,Std_Dev_Test_MAE,Avg_R2_Score,Std_Dev_R2_Score,Avg_Time_s,Std_Dev_Time_s
Batch Gradient Descent,Mean Squared Error,12190.794301861144,4744.730538069481,11105.636041089987,4454.614851396242,84.55397745633084,16.90538618495352,-1.09613400450438,0.8407865729107256,0.018609905242919923,0.0016050844126466574
Batch Gradient Descent,Mean Absolute Error,443.0698305352021,285.6785731718824,281506.2060297444,306929.49402638705,438.1483768456921,283.45289946954256,-52.13290735935634,57.93142752325327,0.01756870746612549,0.002002221495579821
Stochastic Gradient Descent,Mean Squared Error,2946.361035152254,26.41068051547071,2889.7793579028325,26.34998238936315,43.101572010774696,0.20631902930213525,0.45456840515903957,0.004973429157958841,5.918526768684387,1.2467891271512392
Stochastic Gradient Descent,Mean Absolute Error,76.74710250554656,9.239086795401025,8518.720855929703,2110.375546254335,74.75044498397807,10.232923768114603,-0.6078665278537579,0.3983229711842826,8.111878991127014,0.25481602237574386
Mini Batch Gradient Descent,Mean Squared Error,4386.853354513618,1272.2658790086448,4454.397098633563,1066.6785360486067,53.34004329553587,6.126417718669707,0.15925452684877825,0.20133031039499008,0.30906336307525634,0.008470647784896847
Mini Batch Gradient Descent,Mean Absolute Error,392.92060049529186,297.3890456158216,250196.69781261226,273648.15950801637,387.979249262873,298.59503500898956,-46.22339217306553,51.64973985213495,0.3289639472961426,0.02615170778682332
Cellular Automata Optimiser,Mean Squared Error,2875.797818733219,5.362424525226482,2894.3199214793635,17.799262304104396,42.870555097900976,0.11139101448380714,0.4537113961883543,0.00335952293346221,9.137338185310364,1.6687700129034277
Cellular Automata Optimiser,Mean Absolute Error,43.271761601421204,0.0416490080595816,2983.3528238853955,67.54595987041453,43.18951730691144,0.4731875245546293,0.4369068751719528,0.012748966635266016,5.3724116563796995,0.4048952565200347
