Optimiser,Loss_Function,Avg_Train_Loss,Std_Dev_Train_Loss,Avg_Test_MSE,Std_Dev_Test_MSE,Avg_Test_MAE,Std_Dev_Test_MAE,Avg_R2_Score,Std_Dev_R2_Score,Avg_Time_s,Std_Dev_Time_s
Batch Gradient Descent,Mean Squared Error,196.44240792263662,64.10952255835498,199.10292815031306,94.96024986536405,9.709281159344028,1.8230090414577504,-150.93953296747856,72.46611664156882,0.059251952171325686,0.0016685740263137395
Batch Gradient Descent,Mean Absolute Error,10.833458143233882,3.4822048058493347,264.77630897578763,140.1526036411115,10.733765894548991,3.4619615153574554,-201.05623845101005,106.95332981406548,0.06668620109558106,0.0016705842736784613
Stochastic Gradient Descent,Mean Squared Error,0.5199041399836724,0.000431102042935329,0.5551252568931601,0.006180150516795637,0.5340706101949395,0.0013754483819019374,0.5763725171981321,0.004716199766191998,178.19709506034852,7.306980151358996
Stochastic Gradient Descent,Mean Absolute Error,0.5114624620147687,4.8574228413822395e-05,0.5842571176394793,0.001288751085522798,0.5117783827086597,0.00015160181977144256,0.554141396051949,0.0009834724173309768,180.92871344089508,1.058817904425184
Mini Batch Gradient Descent,Mean Squared Error,0.5181346287473536,0.00011707186310555653,0.5561005508335259,0.001668503589150715,0.5332424876372543,0.00036841878111602675,0.5756282503649828,0.0012732693509094298,6.2372925043106076,0.05531848012693398
Mini Batch Gradient Descent,Mean Absolute Error,0.8980086578232523,0.35205081293640667,2.681148833286247,1.9007436919488965,0.8728037383242349,0.35923735169652593,-1.0460397309589837,1.4504965423088487,6.731275320053101,0.389075879640009
Cellular Automata Optimiser,Mean Squared Error,0.5183817913676452,0.0002816481362836954,0.5575848220303652,0.00220817984122581,0.5328379377423907,0.0007862749695814823,0.5744955725357819,0.0016851073808957433,12.794306683540345,1.215076343384318
Cellular Automata Optimiser,Mean Absolute Error,0.5113785773573201,0.00026166983621583737,0.5835452266189824,0.0037176784120172253,0.5118126986267886,0.0005277313884311421,0.5546846547080768,0.002837036737193174,11.993548822402953,0.3007201769976449
