Optimiser,Loss_Function,Avg_Train_Loss,Std_Dev_Train_Loss,Avg_Test_MSE,Std_Dev_Test_MSE,Avg_Test_MAE,Std_Dev_Test_MAE,Avg_R2_Score,Std_Dev_R2_Score,Avg_Time_s,Std_Dev_Time_s
Batch Gradient Descent,Mean Squared Error,12827.747141242486,6033.0362602931145,29034.973473276645,15059.397318352716,130.2508232037303,33.079849206831376,-3.698982386689798,2.4371932978768855,0.014712715148925781,0.0005181023690420985
Batch Gradient Descent,Mean Absolute Error,3020.4832545318836,234.30691747997585,12056225.777559662,3252531.270854187,2573.4976726806967,319.2384331371742,-1950.1639172272712,526.3854354118282,0.01531360149383545,0.001379208046642231
Stochastic Gradient Descent,Mean Squared Error,22.934754538006583,10.261966775755258,25.71510815352324,8.19863771064416,3.852189366046918,0.7031207224707848,0.99583830030372,0.0013268568759887448,4.5640929460525514,0.7994529953851255
Stochastic Gradient Descent,Mean Absolute Error,1308.6477866879272,163.62380559818212,4780040.677034633,1929743.3864774266,1530.1074921744016,261.20574706029856,-772.5955732737137,312.3071626786381,2.8101805210113526,0.04129737091214624
Mini Batch Gradient Descent,Mean Squared Error,4.937230179640242,2.149643617587561,8.900359459571634,4.572852569734777,2.328584817381198,0.614253170129399,0.9985595773877931,0.0007400645191527433,0.1117110013961792,0.0038773830478389575
Mini Batch Gradient Descent,Mean Absolute Error,3139.1554457317643,415.0884639138452,16543757.863858992,6234913.511809837,2986.990253361802,549.8784291356689,-2676.4202801832726,1009.0503027837744,0.11473040580749512,0.0036598715563404185
Cellular Automata Optimiser,Mean Squared Error,56986.54919489277,15651.18721555252,121768.48048136437,31817.616112773067,266.2719460144312,32.22738414062549,-18.706852687933218,5.14932165644943,19.30234041213989,0.2586841886998128
Cellular Automata Optimiser,Mean Absolute Error,205.1467320293716,21.72480025869101,184314.08644243094,66340.36346532822,305.28814031925725,43.74730407618117,-28.829152301755634,10.736438238426162,19.41364154815674,0.7205005402153704
