Optimiser,Loss_Function,Avg_Train_Loss,Std_Dev_Train_Loss,Avg_Test_MSE,Std_Dev_Test_MSE,Avg_Test_MAE,Std_Dev_Test_MAE,Avg_R2_Score,Std_Dev_R2_Score,Avg_Time_s,Std_Dev_Time_s
Batch Gradient Descent,Mean Squared Error,72.92252789114295,1.0298252243298708e-08,104.20219561600518,0.000615258633691739,8.416658420912754,2.9702950533720007e-05,0.9374151793306886,3.6953013349250816e-07,0.015197110176086426,0.0017885249581982559
Batch Gradient Descent,Mean Absolute Error,663.4889695680757,229.9923094721374,719734.5960495092,432522.86334761034,672.8889005453856,215.22587752678854,-431.2793810338793,259.77730774254013,0.015740013122558592,0.0009268272338269697
Stochastic Gradient Descent,Mean Squared Error,74.98872809381268,0.12211102813380711,103.77577944409794,1.697316775138521,8.382743382990935,0.09892902415009028,0.9376712889020036,0.0010194244503495065,1.744554352760315,0.06134803381877537
Stochastic Gradient Descent,Mean Absolute Error,179.6011645227448,170.31435224474276,94373.35479895837,145789.03296792821,182.443365824988,182.12255877983392,-55.68152624940395,87.56226708958798,1.786724853515625,0.033474034542612274
Mini Batch Gradient Descent,Mean Squared Error,74.49222995907299,3.7095160763869517,103.91619309595433,0.6154863203444465,8.402259584540586,0.036856887294808044,0.9375869551394661,0.0003696668842288529,0.0777353286743164,0.0026403414968858307
Mini Batch Gradient Descent,Mean Absolute Error,555.4503993745302,237.5854405655359,465062.06407913927,339661.14446575963,548.0214467993214,209.86600752297934,-278.3206583453433,204.00368427033007,0.07812731266021729,0.0025996814294146037
Cellular Automata Optimiser,Mean Squared Error,72.92252788103296,4.0693694993695864e-14,104.20222685154897,1.2465615942400041e-06,8.416659937104267,6.521191369055457e-08,0.9374151605703267,7.486966288232122e-10,5.545901131629944,0.6501212418005796
Cellular Automata Optimiser,Mean Absolute Error,6.8344412969602555,4.3484262536388875e-05,107.72530094910628,0.023483178138281796,8.611022750666008,0.0012375000206634684,0.9352991690665309,1.4104218090999474e-05,4.048316955566406,0.6047317576813249
