Optimiser,Loss_Function,Avg_Train_Loss,Std_Dev_Train_Loss,Avg_Test_MSE,Std_Dev_Test_MSE,Avg_Test_MAE,Std_Dev_Test_MAE,Avg_R2_Score,Std_Dev_R2_Score,Avg_Time_s,Std_Dev_Time_s
Batch Gradient Descent,Epsilon Intensive Loss,20301.469272451057,2241.27422736197,2.609409257226086,0.3637267709796018,1.392901951550427,0.13862708889992326,-0.9912937873250618,0.27756736791277986,0.11826770305633545,0.004427390067614295
Stochastic Gradient Descent,Epsilon Intensive Loss,0.4191359499259515,3.093935369294614e-05,0.5801849645865031,0.0021706850357040134,0.5119468652437829,5.102612335527285e-05,0.5572489396666477,0.0016564943248618155,337.31021718978883,93.07603756932707
Mini Batch Gradient Descent,Epsilon Intensive Loss,13.412377316115766,0.0005818525037705275,0.580120866513282,0.0015747789114182846,0.511940868573968,4.4927437916493146e-05,0.5572978542225501,0.0012017461247344858,16.411440706253053,0.026713039004524944
Cellular Automata Optimiser,Epsilon Intensive Loss,6921.369681481306,3.3138700254237814,0.5822866052954904,0.0045403535607132185,0.5121742287177958,0.0008214601650134647,0.5556451344853001,0.0034648370364557418,27.549434423446655,1.3082733458604325
