Optimiser,Loss_Function,Avg_Train_Loss,Std_Dev_Train_Loss,Avg_Test_Accuracy,Std_Dev_Test_Accuracy,Avg_F1_Score,Std_Dev_F1_Score,Avg_Time_s,Std_Dev_Time_s
Batch Gradient Descent,Binary Cross Entropy,15.60637047788418,7.111258976163719,0.5491228070175438,0.21191791531543647,0.5913931488125416,0.21673434316004964,0.04574851989746094,0.009586055234040974
Stochastic Gradient Descent,Binary Cross Entropy,2.5513346382489575,0.3810178958068581,0.9289473684210525,0.019397670515347347,0.9419931019524037,0.016342982112959925,13.02256782054901,2.5942175922442616
Mini Batch Gradient Descent,Binary Cross Entropy,15.274400758558937,5.472308431773064,0.5192982456140351,0.1519241520759457,0.5457946913858219,0.18379540102167982,0.5378376245498657,0.11987992498185121
Cellular Automata Optimiser,Binary Cross Entropy,0.6300566200113564,0.1226371597667291,0.9640350877192982,0.012059409723568004,0.970807852101774,0.009904048413930671,50.23912136554718,9.218228226303466
