Optimiser,Loss_Function,Avg_Train_Loss,Std_Dev_Train_Loss,Avg_Test_Accuracy,Std_Dev_Test_Accuracy,Avg_F1_Score,Std_Dev_F1_Score,Avg_Time_s,Std_Dev_Time_s
Batch Gradient Descent,Binary Cross Entropy,1.9959625044114802,0.5369951140271032,0.8192982456140351,0.05147859912674109,0.8460834055850315,0.0477627494286124,0.0807790994644165,0.017387900466032134
Stochastic Gradient Descent,Binary Cross Entropy,0.037754453801020924,0.004423760329651123,0.9614035087719299,0.012528821804461162,0.9687292928304896,0.010409833881561355,22.192316913604735,4.78957941414852
Mini Batch Gradient Descent,Binary Cross Entropy,0.23278570091736617,0.08592954963652379,0.956140350877193,0.013010874538764323,0.9648201698837265,0.010765774512217711,0.9712517023086548,0.15595450217045667
Cellular Automata Optimiser,Binary Cross Entropy,0.016724613421749388,0.00032430579987581304,0.9421052631578947,0.004297350425935359,0.9519517613456046,0.00373137123622957,55.95819084644317,12.238800916912618
