Optimiser,Loss_Function,Avg_Train_Loss,Std_Dev_Train_Loss,Avg_Test_MSE,Std_Dev_Test_MSE,Avg_Test_MAE,Std_Dev_Test_MAE,Avg_R2_Score,Std_Dev_R2_Score,Avg_Time_s,Std_Dev_Time_s
Batch Gradient Descent,Mean Squared Error,137.11186762463532,55.310038196989204,141.87062155592463,67.27479050968195,8.07845090778306,2.034334412043122,-107.26438456364403,51.33877409783317,0.10984518527984619,0.002034564533352798
Batch Gradient Descent,Mean Absolute Error,9.232132793287509,2.190121339999001,244.32741977303107,127.86833412760807,9.25502746416793,2.200318306281097,-185.45127119093578,97.57895149593622,0.14111578464508057,0.019996053883735678
Stochastic Gradient Descent,Mean Squared Error,0.5198312730863697,0.0006326296500650638,0.5532733719031718,0.004726574903948783,0.5340970971908526,0.0013439444070471468,0.5777857286616815,0.003606946367456779,458.60847759246826,76.8671574598767
Stochastic Gradient Descent,Mean Absolute Error,0.5114603525146896,3.553364586825686e-05,0.5841474294149388,0.0027481830877583886,0.5118290059356816,0.00011028670486224039,0.554225101388498,0.0020971949470672937,488.45225348472593,99.15289802790676
Mini Batch Gradient Descent,Mean Squared Error,0.5180868048539299,8.221346996557453e-05,0.5561110433128118,0.00133322746122907,0.5332059423039417,0.0002926789703065324,0.575620243338581,0.0010174132529363542,11.524394464492797,0.15451796543089813
Mini Batch Gradient Descent,Mean Absolute Error,0.9097509632402314,0.21883807022248153,3.7243437556171295,2.1256356086388117,0.8802918754124629,0.2362441181673568,-1.8421231977643409,1.622116181997071,11.874638867378234,0.0340043069181272
Cellular Automata Optimiser,Mean Squared Error,0.5185167916684128,0.0003732314771627046,0.5553337611149447,0.0036894061680372383,0.533712381438737,0.0008659311827544032,0.5762134033449405,0.0028154616072532824,23.221817922592162,1.5891416931855629
Cellular Automata Optimiser,Mean Absolute Error,0.5113569841409936,0.00017132998790644893,0.5841310732419327,0.0031613010563729493,0.5121194149615103,0.0006653921897896257,0.5542375831199864,0.002412453752123016,22.235446333885193,0.7249201706155131
