Optimiser,Loss_Function,Avg_Train_Loss,Std_Dev_Train_Loss,Avg_Test_MSE,Std_Dev_Test_MSE,Avg_Test_MAE,Std_Dev_Test_MAE,Avg_R2_Score,Std_Dev_R2_Score,Avg_Time_s,Std_Dev_Time_s
Batch Gradient Descent,Mean Squared Error,15096.226910177254,11696.411921844721,14893.52319549633,12839.846880207073,94.73989302082433,33.89359846852736,-1.8110790144254143,2.423457743316247,0.012548589706420898,0.0004451909017521139
Batch Gradient Descent,Mean Absolute Error,482.4953349961276,235.85503702241473,305155.7204895524,210003.5631761494,489.3132973692624,236.26334970294718,-56.596636520460414,39.63713633437303,0.013603734970092773,0.0009690810896850167
Stochastic Gradient Descent,Mean Squared Error,2930.3966360350214,19.736090933268276,2889.5150827859106,37.39531158130688,43.04400530362778,0.277082744587335,0.45461828578335284,0.007058180542257396,4.280801391601562,0.8522304247341399
Stochastic Gradient Descent,Mean Absolute Error,90.01532916494124,21.398034509838713,12351.4705999406,4918.766998000026,88.8330341775916,18.30382103307305,-1.3312791301983409,0.9283930003283133,3.9669768810272217,0.046611203628533444
Mini Batch Gradient Descent,Mean Squared Error,5202.843429468734,637.8447632687229,4931.225245185495,511.2258516508277,56.23865779502287,3.2936862589253417,0.06925556698783517,0.09649135697065733,0.15490353107452393,0.003992702422516259
Mini Batch Gradient Descent,Mean Absolute Error,505.3867908535437,196.58005653726138,305029.80883078085,185470.78376870023,507.1904007276971,196.4440048866745,-56.57287131614989,35.00669527267299,0.1558379888534546,0.002874237201657069
Cellular Automata Optimiser,Mean Squared Error,2878.493929970518,11.668596401809811,2894.4194450056684,17.86810615634431,42.84229354178045,0.15632062619604037,0.45369261161384067,0.0033725168708780584,7.129800581932068,1.5382938622503595
Cellular Automata Optimiser,Mean Absolute Error,43.29097319657473,0.05136323834605734,3027.123962090528,30.644061577147273,43.51370310434324,0.18102321057075213,0.4286452888145239,0.005783915416489755,10.730013537406922,3.250773279997561
