Optimiser,Loss_Function,Avg_Train_Loss,Std_Dev_Train_Loss,Avg_Test_MSE,Std_Dev_Test_MSE,Avg_Test_MAE,Std_Dev_Test_MAE,Avg_R2_Score,Std_Dev_R2_Score,Avg_Time_s,Std_Dev_Time_s
Batch Gradient Descent,Mean Squared Error,180.58875019169608,70.27974738973212,183.82465019964042,78.77565636008562,9.258787952315714,2.017656432527932,-139.28036533022512,60.11532099378203,0.06020829677581787,0.0059113970274208
Batch Gradient Descent,Mean Absolute Error,12.55609080218713,3.537983454478143,324.1611902788301,141.9966014646358,12.408597987809381,3.4735681229616375,-246.3740608172465,108.36052241892668,0.06749923229217529,0.0034348306142681063
Stochastic Gradient Descent,Mean Squared Error,0.5200812614835948,0.00046692180157975485,0.5560435740798616,0.007609439727319306,0.5345226553863563,0.0012279275610616396,0.5756717304956979,0.005806919712603193,329.02455978393556,97.69409193040245
Stochastic Gradient Descent,Mean Absolute Error,0.5114713488242024,1.9478152455738862e-05,0.584210675155249,0.002026030158095123,0.5118177212691567,0.00014088305262512942,0.5541768372653422,0.0015461052173306056,389.1543538570404,71.03574620558807
Mini Batch Gradient Descent,Mean Squared Error,0.5181063693256833,0.00016320757106153013,0.5552752446915216,0.0012145373002040477,0.5334142069357843,0.00035805266370420686,0.5762580584292651,0.0009268383538049734,15.590844511985779,3.455289666998937
Mini Batch Gradient Descent,Mean Absolute Error,0.7634930983558752,0.22236379120381045,1.829936052122871,1.009968740549954,0.7194538450960717,0.21663551405389708,-0.39646177835211976,0.770727885202482,18.886660504341126,2.082804553355148
Cellular Automata Optimiser,Mean Squared Error,0.5182974723924673,0.0003543143758608118,0.5565994801714363,0.0026345355791820195,0.5329479832708103,0.000512487869903259,0.5752475071419164,0.0020104681995682236,24.61037437915802,2.690707653441174
Cellular Automata Optimiser,Mean Absolute Error,0.5114293138414304,0.00019949649964439944,0.5838525291967781,0.004108238383931235,0.5119585802586993,0.0005482321818757656,0.55445014580063,0.003135081071747639,21.936148738861085,0.06276420231220493
