Optimiser,Loss_Function,Avg_Train_Loss,Std_Dev_Train_Loss,Avg_Test_MSE,Std_Dev_Test_MSE,Avg_Test_MAE,Std_Dev_Test_MAE,Avg_R2_Score,Std_Dev_R2_Score,Avg_Time_s,Std_Dev_Time_s
Batch Gradient Descent,Mean Squared Error,180.9860511725172,77.33144687014978,421.3808037752504,210.08931421831255,16.023990563357078,4.295867514943045,0.9318042781457503,0.03400058167961473,0.019118189811706543,0.0013249707805683133
Batch Gradient Descent,Mean Absolute Error,296.3046752265376,28.42384946212413,147475.55767069006,32642.018945649583,288.65328999957455,43.98359140628302,-22.867252663400606,5.282741939915141,0.019687485694885255,0.0010969736556990166
Stochastic Gradient Descent,Mean Squared Error,30.842843860680055,21.13143842517819,28.58389593554228,8.608462388408936,4.063676053682235,0.6613627676808013,0.9953740194160083,0.0013931823694223577,3.7672838449478148,0.734429980807668
Stochastic Gradient Descent,Mean Absolute Error,1.5657867000882282,0.015825337317176065,5.684712019337949,0.27429374282957547,1.772337913609649,0.045863211633057004,0.9990799935919743,4.43913429961276e-05,3.5074242830276487,0.1034762064711925
Mini Batch Gradient Descent,Mean Squared Error,3.219923327331329,0.05333765440164811,5.273667806321282,0.0751088857899356,1.761591810694594,0.011468114662560888,0.9991465164534086,1.2155524499990355e-05,0.13988902568817138,0.008480610553967736
Mini Batch Gradient Descent,Mean Absolute Error,228.26626318580762,24.249353533034526,89105.1096266976,40009.37701819619,220.9374913546538,41.84635852181062,-13.420655182801662,6.475065599215061,0.13791613578796386,0.005292961524822028
Cellular Automata Optimiser,Mean Squared Error,40.87443634821996,41.006928058849894,83.06338660411696,86.02425733747731,6.245108671924604,3.429998383870785,0.986557129422185,0.013922054050744037,29.619146394729615,6.543521184230415
Cellular Automata Optimiser,Mean Absolute Error,5.236108166605144,2.365396911034906,143.48294195708127,104.30428888740627,8.555152652627394,3.5247922210405283,0.9767789070767602,0.01688047060863443,24.294740319252014,1.3812607994224115
