Optimiser,Loss_Function,Avg_Train_Loss,Std_Dev_Train_Loss,Avg_Test_MSE,Std_Dev_Test_MSE,Avg_Test_MAE,Std_Dev_Test_MAE,Avg_R2_Score,Std_Dev_R2_Score,Avg_Time_s,Std_Dev_Time_s
Batch Gradient Descent,Mean Squared Error,12335.130231072888,3155.7236285671024,28815.261384735895,10929.001469441615,131.01810064364375,25.227585303897474,-3.663424467715082,1.768735399613146,0.018254661560058595,0.001259254117093246
Batch Gradient Descent,Mean Absolute Error,3082.00171210933,356.797753470312,14012407.91461882,4250920.308739895,2751.291476194271,349.95024703705644,-2266.7498929526637,687.9634202654055,0.019349503517150878,0.001262333824441113
Stochastic Gradient Descent,Mean Squared Error,23.85176090683723,10.699250855531327,22.184380242485283,10.409952587222737,3.4455161217363175,0.7358028577362528,0.9964097087219654,0.001684733202827168,3.430445981025696,0.08433430878421098
Stochastic Gradient Descent,Mean Absolute Error,1371.7826643059998,168.94778651903874,4900707.648542775,1050490.0899325202,1619.085515627758,183.60447936759704,-792.1241591804247,170.00995143075747,4.1346900939941404,0.821911134778003
Mini Batch Gradient Descent,Mean Squared Error,4.0923468712348186,0.6450848933641975,7.144987235442677,1.7500387239216288,2.105935814267246,0.3394101189665079,0.9988436645480882,0.0002832239935504332,0.1453779458999634,0.009936312637063764
Mini Batch Gradient Descent,Mean Absolute Error,3135.5586566820766,315.40194403302434,14165095.361465719,2560807.722751666,2759.880956879294,234.64158036203625,-2291.460630989417,414.4377950262106,0.14103736877441406,0.004003626301683634
Cellular Automata Optimiser,Mean Squared Error,56029.271115870935,18298.71269692517,114303.170199351,40659.271310365664,249.29817757206584,34.63454437606196,-17.498676570305925,6.580243647162146,34.38611187934875,5.666570226948677
Cellular Automata Optimiser,Mean Absolute Error,210.20108158292177,23.279973965567386,216123.43510834227,97999.38313847774,322.2515852498827,70.43682468617611,-33.977135965345454,15.86009285312442,29.76878218650818,5.910427059910999
