Optimiser,Loss_Function,Avg_Train_Loss,Std_Dev_Train_Loss,Avg_Test_MSE,Std_Dev_Test_MSE,Avg_Test_MAE,Std_Dev_Test_MAE,Avg_R2_Score,Std_Dev_R2_Score,Avg_Time_s,Std_Dev_Time_s
Batch Gradient Descent,Mean Squared Error,15076.437680421688,5359.891834357228,30069.445710068023,10708.399726683994,133.38117880577352,23.413606716882978,-3.866400029577478,1.7330335001557489,0.02815098762512207,0.004194093331101017
Batch Gradient Descent,Mean Absolute Error,3332.943762001025,533.1027308647966,17442236.95593237,6507300.403813573,2996.5206563788997,638.5423499124785,-2821.82896920266,1053.1330435194864,0.030774497985839845,0.004905137070065979
Stochastic Gradient Descent,Mean Squared Error,33.549427236547196,19.499696252909104,28.090008589826134,21.634036135222644,3.795526831369918,1.415162780299692,0.9954539495024151,0.0035012243026840218,2.6223060131072997,0.07263125924393116
Stochastic Gradient Descent,Mean Absolute Error,1341.3616127726036,135.23452683953332,4178817.9443286234,1359853.6835883413,1443.5981170833293,255.72392365350532,-675.2944672794803,220.07695352427487,3.5261157751083374,1.244228630749698
Mini Batch Gradient Descent,Mean Squared Error,4.231050123396195,0.7530894751433216,7.213143716164147,1.700574635693516,2.1053651910738713,0.27997044622972395,0.9988326341917924,0.00027521878977192324,0.10458676815032959,0.0024540017738307394
Mini Batch Gradient Descent,Mean Absolute Error,3122.3467015699307,534.1941146363182,17036396.37070457,8354449.88783879,2928.6235184716033,679.9494697458448,-2756.1482561293546,1352.0733163255331,0.11198484897613525,0.0046706315985963615
Cellular Automata Optimiser,Mean Squared Error,54905.85219710984,16248.649015774592,126615.22065071198,57420.26263118151,256.2330250713979,54.23030685226998,-19.491242820391513,9.292820707804664,39.187172985076906,10.646647304280435
Cellular Automata Optimiser,Mean Absolute Error,213.62319132341742,30.868550134606643,182686.62873418335,67878.25183410123,302.5478501714981,64.44669548719698,-28.565766660533107,10.9853280941104,50.49606511592865,10.445071429136997
