Optimiser,Loss_Function,Avg_Train_Loss,Std_Dev_Train_Loss,Avg_Test_MSE,Std_Dev_Test_MSE,Avg_Test_MAE,Std_Dev_Test_MAE,Avg_R2_Score,Std_Dev_R2_Score,Avg_Time_s,Std_Dev_Time_s
Batch Gradient Descent,Mean Squared Error,72.92252789406135,1.0986881412118091e-08,104.20200430859855,0.0006624850668711086,8.416649208449332,3.1982211361926604e-05,0.9374152942317198,3.9789477432128974e-07,0.014968776702880859,0.002054999828083644
Batch Gradient Descent,Mean Absolute Error,661.8673766288161,293.7887771765247,691877.0817382939,474091.5637507706,669.9844898322871,286.6835023098258,-414.5478954144688,284.74386094047037,0.016364526748657227,0.0016982299791249795
Stochastic Gradient Descent,Mean Squared Error,74.68250068254136,0.237293318245002,103.23288777135511,3.6585666986350334,8.340715009868125,0.21356785837257172,0.9379973547567644,0.0021973696368603117,1.6270681619644165,0.14346897336840492
Stochastic Gradient Descent,Mean Absolute Error,102.68912437136142,105.34396415827243,35589.25248084985,46840.313277847235,112.52334066425571,115.70850531229378,-20.3752404265724,28.132733569178,1.3636683702468873,0.34366946350249394
Mini Batch Gradient Descent,Mean Squared Error,73.78547615776283,3.06966959932865,103.70880444878885,0.5521728341997693,8.388098829719544,0.030167933289563815,0.9377115147153461,0.000331640207795657,0.05196878910064697,0.004542823881707037
Mini Batch Gradient Descent,Mean Absolute Error,622.207315160985,216.58767824104646,542791.2495359199,303837.4005314484,626.0897534029065,204.3947584857215,-325.0055396362426,182.48760606700438,0.05510802268981933,0.003093731978058421
Cellular Automata Optimiser,Mean Squared Error,72.92252788103296,1.7404671430534633e-14,104.20222699126657,7.864540982590164e-07,8.41665994497632,4.112057342528066e-08,0.9374151604864107,4.723517432582062e-10,3.692773365974426,0.060270071171365916
Cellular Automata Optimiser,Mean Absolute Error,6.834424732238146,2.324656691207375e-05,107.72656947702731,0.01255112904339442,8.611092111997646,0.0006716724991094015,0.9352984071767072,7.538326382988836e-06,2.4302770376205443,0.43824412254131123
