Optimiser,Loss_Function,Avg_Train_Loss,Std_Dev_Train_Loss,Avg_Test_Accuracy,Std_Dev_Test_Accuracy,Avg_F1_Score,Std_Dev_F1_Score,Avg_Time_s,Std_Dev_Time_s
Batch Gradient Descent,Hinge Loss,23877.484361893163,10600.614740920759,0.9359649122807017,0.020776700495310527,0.9474737945265937,0.018258183823741322,0.047602367401123044,0.015019433114457584
Stochastic Gradient Descent,Hinge Loss,49.609576036835314,11.673306818377233,0.9377192982456141,0.01685032694061277,0.9491946024226794,0.01419973643160048,15.825296926498414,4.749268846097985
Mini Batch Gradient Descent,Hinge Loss,1867.4456926202415,633.3914696824603,0.9280701754385966,0.01347569429450632,0.9418805961279428,0.01104783338402734,0.4813589811325073,0.005521127573011599
Cellular Automata Optimiser,Hinge Loss,1827.978336334788,358.8959234778602,0.968421052631579,0.011898824531798718,0.9744960601122707,0.009674944361922259,21.92395100593567,3.970724076633683
