Optimiser,Loss_Function,Avg_Train_Loss,Std_Dev_Train_Loss,Avg_Test_Accuracy,Std_Dev_Test_Accuracy,Avg_F1_Score,Std_Dev_F1_Score,Avg_Time_s,Std_Dev_Time_s
Batch Gradient Descent,Hinge Loss,10.001422001522865,1.0244601697030198,0.9631578947368423,0.00764719112901875,0.9699790076753187,0.006316742591360477,0.027764081954956055,0.001986828040747978
Stochastic Gradient Descent,Hinge Loss,0.0213989757852961,0.001231467350871901,0.9640350877192982,0.0072865121604544746,0.9707700101317123,0.005946762745572286,14.279328155517579,0.5723525501891068
Mini Batch Gradient Descent,Hinge Loss,0.6635190685124676,0.03615502819244486,0.9640350877192982,0.0047238287781881765,0.9707801418439717,0.0037939711411447957,0.544681978225708,0.030554703714963122
Cellular Automata Optimiser,Hinge Loss,15.795285975061688,1.6719317702370202,0.9719298245614034,0.008594700851870786,0.9773832638576421,0.006979963253814768,22.95157127380371,2.81598924963857
