Optimiser,Loss_Function,Avg_Train_Loss,Std_Dev_Train_Loss,Avg_Test_MSE,Std_Dev_Test_MSE,Avg_Test_MAE,Std_Dev_Test_MAE,Avg_R2_Score,Std_Dev_R2_Score,Avg_Time_s,Std_Dev_Time_s
Batch Gradient Descent,Epsilon Insensitive Loss,28762.89935451434,5577.717290072375,10173.016473798909,3427.953414347807,81.24684992682599,14.886179683206535,-0.9201066629786873,0.6470092924966862,0.048610806465148926,0.01292738349610037
Stochastic Gradient Descent,Epsilon Insensitive Loss,86.5240370846681,19.558276391382265,11579.097790966336,4620.059379682219,86.79886920231078,18.628585991867958,-1.1854975736035307,0.8720134112760667,14.295476484298707,0.8372497644685215
Mini Batch Gradient Descent,Epsilon Insensitive Loss,2798.4529363527618,760.4036216858462,13895.10772492921,7381.623414120539,93.00673580489072,24.289087235390284,-1.622633020811384,1.393244996462639,0.5569000005722046,0.07536253871441718
Cellular Automata Optimiser,Epsilon Insensitive Loss,15239.03713185656,11.140904407020466,3011.0457566677605,62.79990524101335,43.377625723541854,0.4778143791013916,0.43167997075380005,0.011853172242300605,13.189602494239807,1.9967742104353892
