Optimiser,Loss_Function,Avg_Train_Loss,Std_Dev_Train_Loss,Avg_Test_MSE,Std_Dev_Test_MSE,Avg_Test_MAE,Std_Dev_Test_MAE,Avg_R2_Score,Std_Dev_R2_Score,Avg_Time_s,Std_Dev_Time_s
Batch Gradient Descent,Epsilon Intensive Loss,30096.19466346326,6269.999517136149,10117.424777229906,3593.3365980041244,81.6060214929403,15.497453419937688,-0.9096140045559521,0.6782245523658702,0.0459869384765625,0.01572009668732358
Stochastic Gradient Descent,Epsilon Intensive Loss,87.48251813761303,19.9376137540074,11203.807661767463,4647.070601521672,84.9827335446067,18.154258294402247,-1.114663413501577,0.8771116461174935,10.03978374004364,5.216714119199083
Mini Batch Gradient Descent,Epsilon Intensive Loss,2836.333074480025,639.4895346417312,13619.061121385434,6349.423833002393,93.60363782725715,21.75260842391603,-1.570530586482079,1.1984224186821624,0.20568556785583497,0.0010840374246464872
Cellular Automata Optimiser,Epsilon Intensive Loss,15240.104136451813,12.871246641194544,3028.138592495575,56.91937443205228,43.429644331413975,0.341244024061546,0.4284537823320359,0.01074325106825955,8.507781791687012,1.4836820055995819
