Optimiser,Loss_Function,Avg_Train_Loss,Std_Dev_Train_Loss,Avg_Test_MSE,Std_Dev_Test_MSE,Avg_Test_MAE,Std_Dev_Test_MAE,Avg_R2_Score,Std_Dev_R2_Score,Avg_Time_s,Std_Dev_Time_s
Batch Gradient Descent,Epsilon Insensitive Loss,19843.304997236737,2098.2476405674797,2.6833826851333384,0.34003318418494977,1.4211190824538753,0.12961082392343773,-1.0477444291747198,0.2594863052918122,0.11345667839050293,0.0031817500669749504
Stochastic Gradient Descent,Epsilon Insensitive Loss,0.4191349719380951,2.3121044025923716e-05,0.5802419216372379,0.002962400756447409,0.5120123216418715,8.234442026230545e-05,0.5572054745716427,0.0022606688489147666,467.1430725097656,12.87070508183937
Mini Batch Gradient Descent,Epsilon Insensitive Loss,13.412410750042758,0.0012463489581569184,0.5802449036517949,0.0016906869235766675,0.5119287151248275,5.8165251416900865e-05,0.5572031989350997,0.0012901979089354725,16.2386394739151,0.08089435211067023
Cellular Automata Optimiser,Epsilon Insensitive Loss,6919.784188446889,2.0694579207783987,0.5792650664488233,0.00414777519646769,0.5119346850810923,0.0004457470179895452,0.5579509328252376,0.0031652524252662687,27.256896471977235,1.3390981664369053
