Optimiser,Loss_Function,Avg_Train_Loss,Std_Dev_Train_Loss,Avg_Test_MSE,Std_Dev_Test_MSE,Avg_Test_MAE,Std_Dev_Test_MAE,Avg_R2_Score,Std_Dev_R2_Score,Avg_Time_s,Std_Dev_Time_s
Batch Gradient Descent,Epsilon Intensive Loss,21676.900023330774,2097.0290804261003,2.3866233120178566,0.3402713849136006,1.308010366349259,0.12966620437848178,-0.821281257719764,0.2596680811591987,0.37130002975463866,0.07556394326403848
Stochastic Gradient Descent,Epsilon Intensive Loss,0.4191245671066232,2.978024449341757e-05,0.5798329590343803,0.0032979121869782598,0.5120452911857283,0.00013208395854905563,0.5575175623317605,0.0025167045111407454,726.8229036092758,70.18840434420073
Mini Batch Gradient Descent,Epsilon Intensive Loss,13.412558742774085,0.000667848987714783,0.5795728940214827,0.0016083857958087773,0.5119660728265756,8.799800068424667e-05,0.5577160232834297,0.0012273922283163033,27.03234443664551,0.963157324930204
Cellular Automata Optimiser,Epsilon Intensive Loss,6920.546359770607,3.6160743385866048,0.578113244908218,0.0028245800994688036,0.5117674822721745,0.00042839139409354526,0.5588299114950507,0.0021554950754843825,36.83134727478027,1.0739871037327469
